search_name;card_name;stock_amount;price;search_url
Dracogenesis;Dracogenesis;6 ks;449 Kč;https://www.cernyrytir.cz/index.php3?akce=3&limit=0&jmenokarty=Dracogenesis&edice_magic=libovolna&poczob=0&foil=A&triditpodle=ceny&hledej_pouze_magic=1&submit=Vyhledej
Maelstrom of the Spirit Dragon;Maelstrom of the Spirit Dragon;6 ks;49 Kč;https://www.cernyrytir.cz/index.php3?akce=3&limit=0&jmenokarty=Maelstrom%20of%20the%20Spirit%20Dragon&edice_magic=libovolna&poczob=0&foil=A&triditpodle=ceny&hledej_pouze_magic=1&submit=Vyhledej
Ganax, Astral Hunter;Ganax, Astral Hunter (showcase, etched) - foil;8 ks;25 Kč;https://www.cernyrytir.cz/index.php3?akce=3&limit=0&jmenokarty=Ganax,%20Astral%20Hunter&edice_magic=libovolna&poczob=0&foil=A&triditpodle=ceny&hledej_pouze_magic=1&submit=Vyhledej
Dragon Tempest;Dragon Tempest;2 ks;125 Kč;https://www.cernyrytir.cz/index.php3?akce=3&limit=0&jmenokarty=Dragon%20Tempest&edice_magic=libovolna&poczob=0&foil=A&triditpodle=ceny&hledej_pouze_magic=1&submit=Vyhledej
Thrakkus the Butcher;Thrakkus the Butcher (showcase) - foil;8 ks;12 Kč;https://www.cernyrytir.cz/index.php3?akce=3&limit=0&jmenokarty=Thrakkus%20the%20Butcher&edice_magic=libovolna&poczob=0&foil=A&triditpodle=ceny&hledej_pouze_magic=1&submit=Vyhledej
Atarka, World Render;Atarka, World Render;6 ks;9 Kč;https://www.cernyrytir.cz/index.php3?akce=3&limit=0&jmenokarty=Atarka,%20World%20Render&edice_magic=libovolna&poczob=0&foil=A&triditpodle=ceny&hledej_pouze_magic=1&submit=Vyhledej
Dragonlord's Servant;Dragonlord´s Servant;12 ks;25 Kč;https://www.cernyrytir.cz/index.php3?akce=3&limit=0&jmenokarty=Dragonlord's%20Servant&edice_magic=libovolna&poczob=0&foil=A&triditpodle=ceny&hledej_pouze_magic=1&submit=Vyhledej
Korlessa, Scale Singer;Korlessa, Scale Singer - foil;6 ks;12 Kč;https://www.cernyrytir.cz/index.php3?akce=3&limit=0&jmenokarty=Korlessa,%20Scale%20Singer&edice_magic=libovolna&poczob=0&foil=A&triditpodle=ceny&hledej_pouze_magic=1&submit=Vyhledej
Lathliss, Dragon Queen;Lathliss, Dragon Queen (#2 - 1146);4 ks;149 Kč;https://www.cernyrytir.cz/index.php3?akce=3&limit=0&jmenokarty=Lathliss,%20Dragon%20Queen&edice_magic=libovolna&poczob=0&foil=A&triditpodle=ceny&hledej_pouze_magic=1&submit=Vyhledej
Garruk's Uprising;Garruk´s Uprising;30 ks;12 Kč;https://www.cernyrytir.cz/index.php3?akce=3&limit=0&jmenokarty=Garruk's%20Uprising&edice_magic=libovolna&poczob=0&foil=A&triditpodle=ceny&hledej_pouze_magic=1&submit=Vyhledej
Cultivate;Cultivate;12 ks;19 Kč;https://www.cernyrytir.cz/index.php3?akce=3&limit=0&jmenokarty=Cultivate&edice_magic=libovolna&poczob=0&foil=A&triditpodle=ceny&hledej_pouze_magic=1&submit=Vyhledej
Earthquake Dragon;Earthquake Dragon;12 ks;49 Kč;https://www.cernyrytir.cz/index.php3?akce=3&limit=0&jmenokarty=Earthquake%20Dragon&edice_magic=libovolna&poczob=0&foil=A&triditpodle=ceny&hledej_pouze_magic=1&submit=Vyhledej
Lozhan, Dragons' Legacy;Lozhan, Dragons´ Legacy (showcase);8 ks;7 Kč;https://www.cernyrytir.cz/index.php3?akce=3&limit=0&jmenokarty=Lozhan,%20Dragons'%20Legacy&edice_magic=libovolna&poczob=0&foil=A&triditpodle=ceny&hledej_pouze_magic=1&submit=Vyhledej
Wrathful Red Dragon;Wrathful Red Dragon;12 ks;75 Kč;https://www.cernyrytir.cz/index.php3?akce=3&limit=0&jmenokarty=Wrathful%20Red%20Dragon&edice_magic=libovolna&poczob=0&foil=A&triditpodle=ceny&hledej_pouze_magic=1&submit=Vyhledej
Scaled Nurturer;Scaled Nurturer;20 ks;7 Kč;https://www.cernyrytir.cz/index.php3?akce=3&limit=0&jmenokarty=Scaled%20Nurturer&edice_magic=libovolna&poczob=0&foil=A&triditpodle=ceny&hledej_pouze_magic=1&submit=Vyhledej
Kodama's Reach;Kodama´s Reach - foil;1 ks;299 Kč;https://www.cernyrytir.cz/index.php3?akce=3&limit=0&jmenokarty=Kodama's%20Reach&edice_magic=libovolna&poczob=0&foil=A&triditpodle=ceny&hledej_pouze_magic=1&submit=Vyhledej
Farseek;Farseek - foil;2 ks;249 Kč;https://www.cernyrytir.cz/index.php3?akce=3&limit=0&jmenokarty=Farseek&edice_magic=libovolna&poczob=0&foil=A&triditpodle=ceny&hledej_pouze_magic=1&submit=Vyhledej
Cyclonic Rift;Cyclonic Rift;4 ks;799 Kč;https://www.cernyrytir.cz/index.php3?akce=3&limit=0&jmenokarty=Cyclonic%20Rift&edice_magic=libovolna&poczob=0&foil=A&triditpodle=ceny&hledej_pouze_magic=1&submit=Vyhledej
Fierce Guardianship;Fierce Guardianship - foil;1 ks;1249 Kč;https://www.cernyrytir.cz/index.php3?akce=3&limit=0&jmenokarty=Fierce%20Guardianship&edice_magic=libovolna&poczob=0&foil=A&triditpodle=ceny&hledej_pouze_magic=1&submit=Vyhledej
Jeska's Will;Jeska´s Will;8 ks;499 Kč;https://www.cernyrytir.cz/index.php3?akce=3&limit=0&jmenokarty=Jeska's%20Will&edice_magic=libovolna&poczob=0&foil=A&triditpodle=ceny&hledej_pouze_magic=1&submit=Vyhledej
Goldspan Dragon;Goldspan Dragon;8 ks;175 Kč;https://www.cernyrytir.cz/index.php3?akce=3&limit=0&jmenokarty=Goldspan%20Dragon&edice_magic=libovolna&poczob=0&foil=A&triditpodle=ceny&hledej_pouze_magic=1&submit=Vyhledej
Drakuseth, Maw of Flames;Drakuseth, Maw of Flames;4 ks;12 Kč;https://www.cernyrytir.cz/index.php3?akce=3&limit=0&jmenokarty=Drakuseth,%20Maw%20of%20Flames&edice_magic=libovolna&poczob=0&foil=A&triditpodle=ceny&hledej_pouze_magic=1&submit=Vyhledej
Utvara Hellkite;Utvara Hellkite;4 ks;249 Kč;https://www.cernyrytir.cz/index.php3?akce=3&limit=0&jmenokarty=Utvara%20Hellkite&edice_magic=libovolna&poczob=0&foil=A&triditpodle=ceny&hledej_pouze_magic=1&submit=Vyhledej
Sarkhan, Soul Aflame;Sarkhan, Soul Aflame (extended art);2 ks;225 Kč;https://www.cernyrytir.cz/index.php3?akce=3&limit=0&jmenokarty=Sarkhan,%20Soul%20Aflame&edice_magic=libovolna&poczob=0&foil=A&triditpodle=ceny&hledej_pouze_magic=1&submit=Vyhledej
Ancient Silver Dragon;Ancient Silver Dragon;1 ks;699 Kč;https://www.cernyrytir.cz/index.php3?akce=3&limit=0&jmenokarty=Ancient%20Silver%20Dragon&edice_magic=libovolna&poczob=0&foil=A&triditpodle=ceny&hledej_pouze_magic=1&submit=Vyhledej
Roaming Throne;Roaming Throne (borderless);1 ks;649 Kč;https://www.cernyrytir.cz/index.php3?akce=3&limit=0&jmenokarty=Roaming%20Throne&edice_magic=libovolna&poczob=0&foil=A&triditpodle=ceny&hledej_pouze_magic=1&submit=Vyhledej
Ancient Copper Dragon;Ancient Copper Dragon (showcase);1 ks;1625 Kč;https://www.cernyrytir.cz/index.php3?akce=3&limit=0&jmenokarty=Ancient%20Copper%20Dragon&edice_magic=libovolna&poczob=0&foil=A&triditpodle=ceny&hledej_pouze_magic=1&submit=Vyhledej
Thunderbreak Regent;Thunderbreak Regent;9 ks;19 Kč;https://www.cernyrytir.cz/index.php3?akce=3&limit=0&jmenokarty=Thunderbreak%20Regent&edice_magic=libovolna&poczob=0&foil=A&triditpodle=ceny&hledej_pouze_magic=1&submit=Vyhledej
Draconic Muralists;Draconic Muralists - foil;6 ks;7 Kč;https://www.cernyrytir.cz/index.php3?akce=3&limit=0&jmenokarty=Draconic%20Muralists&edice_magic=libovolna&poczob=0&foil=A&triditpodle=ceny&hledej_pouze_magic=1&submit=Vyhledej
Iymrith, Desert Doom;Iymrith, Desert Doom - foil;1 ks;349 Kč;https://www.cernyrytir.cz/index.php3?akce=3&limit=0&jmenokarty=Iymrith,%20Desert%20Doom&edice_magic=libovolna&poczob=0&foil=A&triditpodle=ceny&hledej_pouze_magic=1&submit=Vyhledej
Renari, Merchant of Marvels;Renari, Merchant of Marvels;20 ks;7 Kč;https://www.cernyrytir.cz/index.php3?akce=3&limit=0&jmenokarty=Renari,%20Merchant%20of%20Marvels&edice_magic=libovolna&poczob=0&foil=A&triditpodle=ceny&hledej_pouze_magic=1&submit=Vyhledej
Balefire Dragon;Balefire Dragon (retro);12 ks;225 Kč;https://www.cernyrytir.cz/index.php3?akce=3&limit=0&jmenokarty=Balefire%20Dragon&edice_magic=libovolna&poczob=0&foil=A&triditpodle=ceny&hledej_pouze_magic=1&submit=Vyhledej
Spark Double;Spark Double;12 ks;149 Kč;https://www.cernyrytir.cz/index.php3?akce=3&limit=0&jmenokarty=Spark%20Double&edice_magic=libovolna&poczob=0&foil=A&triditpodle=ceny&hledej_pouze_magic=1&submit=Vyhledej
Firkraag, Cunning Instigator;Firkraag, Cunning Instigator (extended art) - foil;1 ks;1249 Kč;https://www.cernyrytir.cz/index.php3?akce=3&limit=0&jmenokarty=Firkraag,%20Cunning%20Instigator&edice_magic=libovolna&poczob=0&foil=A&triditpodle=ceny&hledej_pouze_magic=1&submit=Vyhledej
Hellkite Charger;Hellkite Charger - lightly played;4 ks;35 Kč;https://www.cernyrytir.cz/index.php3?akce=3&limit=0&jmenokarty=Hellkite%20Charger&edice_magic=libovolna&poczob=0&foil=A&triditpodle=ceny&hledej_pouze_magic=1&submit=Vyhledej
Goblin Anarchomancer;Goblin Anarchomancer;20 ks;12 Kč;https://www.cernyrytir.cz/index.php3?akce=3&limit=0&jmenokarty=Goblin%20Anarchomancer&edice_magic=libovolna&poczob=0&foil=A&triditpodle=ceny&hledej_pouze_magic=1&submit=Vyhledej
Birds of Paradise;Birds of Paradise;1 ks;199 Kč;https://www.cernyrytir.cz/index.php3?akce=3&limit=0&jmenokarty=Birds%20of%20Paradise&edice_magic=libovolna&poczob=0&foil=A&triditpodle=ceny&hledej_pouze_magic=1&submit=Vyhledej
Hellkite Tyrant;Hellkite Tyrant;1 ks;125 Kč;https://www.cernyrytir.cz/index.php3?akce=3&limit=0&jmenokarty=Hellkite%20Tyrant&edice_magic=libovolna&poczob=0&foil=A&triditpodle=ceny&hledej_pouze_magic=1&submit=Vyhledej
Steel Hellkite;Steel Hellkite - foil;8 ks;399 Kč;https://www.cernyrytir.cz/index.php3?akce=3&limit=0&jmenokarty=Steel%20Hellkite&edice_magic=libovolna&poczob=0&foil=A&triditpodle=ceny&hledej_pouze_magic=1&submit=Vyhledej
Adrix and Nev, Twincasters;Adrix and Nev, Twincasters;7 ks;99 Kč;https://www.cernyrytir.cz/index.php3?akce=3&limit=0&jmenokarty=Adrix%20and%20Nev,%20Twincasters&edice_magic=libovolna&poczob=0&foil=A&triditpodle=ceny&hledej_pouze_magic=1&submit=Vyhledej
Rapacious Dragon;Rapacious Dragon;12 ks;7 Kč;https://www.cernyrytir.cz/index.php3?akce=3&limit=0&jmenokarty=Rapacious%20Dragon&edice_magic=libovolna&poczob=0&foil=A&triditpodle=ceny&hledej_pouze_magic=1&submit=Vyhledej
Dragonmaster Outcast;Dragonmaster Outcast;5 ks;19 Kč;https://www.cernyrytir.cz/index.php3?akce=3&limit=0&jmenokarty=Dragonmaster%20Outcast&edice_magic=libovolna&poczob=0&foil=A&triditpodle=ceny&hledej_pouze_magic=1&submit=Vyhledej
Minion of the Mighty;Minion of the Mighty (showcase);8 ks;19 Kč;https://www.cernyrytir.cz/index.php3?akce=3&limit=0&jmenokarty=Minion%20of%20the%20Mighty&edice_magic=libovolna&poczob=0&foil=A&triditpodle=ceny&hledej_pouze_magic=1&submit=Vyhledej
Keiga, the Tide Star;Keiga, the Tide Star;4 ks;12 Kč;https://www.cernyrytir.cz/index.php3?akce=3&limit=0&jmenokarty=Keiga,%20the%20Tide%20Star&edice_magic=libovolna&poczob=0&foil=A&triditpodle=ceny&hledej_pouze_magic=1&submit=Vyhledej
Cavern-Hoard Dragon;Cavern-Hoard Dragon;12 ks;299 Kč;https://www.cernyrytir.cz/index.php3?akce=3&limit=0&jmenokarty=Cavern-Hoard%20Dragon&edice_magic=libovolna&poczob=0&foil=A&triditpodle=ceny&hledej_pouze_magic=1&submit=Vyhledej
Scourge of the Throne;Scourge of the Throne;1 ks;35 Kč;https://www.cernyrytir.cz/index.php3?akce=3&limit=0&jmenokarty=Scourge%20of%20the%20Throne&edice_magic=libovolna&poczob=0&foil=A&triditpodle=ceny&hledej_pouze_magic=1&submit=Vyhledej
Niv-Mizzet, Parun;Niv-Mizzet, Parun;4 ks;35 Kč;https://www.cernyrytir.cz/index.php3?akce=3&limit=0&jmenokarty=Niv-Mizzet,%20Parun&edice_magic=libovolna&poczob=0&foil=A&triditpodle=ceny&hledej_pouze_magic=1&submit=Vyhledej
Atsushi, the Blazing Sky;Atsushi, the Blazing Sky;2 ks;125 Kč;https://www.cernyrytir.cz/index.php3?akce=3&limit=0&jmenokarty=Atsushi,%20the%20Blazing%20Sky&edice_magic=libovolna&poczob=0&foil=A&triditpodle=ceny&hledej_pouze_magic=1&submit=Vyhledej
Ryusei, the Falling Star;Ryusei, the Falling Star;1 ks;12 Kč;https://www.cernyrytir.cz/index.php3?akce=3&limit=0&jmenokarty=Ryusei,%20the%20Falling%20Star&edice_magic=libovolna&poczob=0&foil=A&triditpodle=ceny&hledej_pouze_magic=1&submit=Vyhledej
Patron of the Arts;Patron of the Arts;20 ks;7 Kč;https://www.cernyrytir.cz/index.php3?akce=3&limit=0&jmenokarty=Patron%20of%20the%20Arts&edice_magic=libovolna&poczob=0&foil=A&triditpodle=ceny&hledej_pouze_magic=1&submit=Vyhledej
Reckless Barbarian;Reckless Barbarian - foil;3 ks;12 Kč;https://www.cernyrytir.cz/index.php3?akce=3&limit=0&jmenokarty=Reckless%20Barbarian&edice_magic=libovolna&poczob=0&foil=A&triditpodle=ceny&hledej_pouze_magic=1&submit=Vyhledej
Sapphire Dragon;Sapphire Dragon - foil;6 ks;12 Kč;https://www.cernyrytir.cz/index.php3?akce=3&limit=0&jmenokarty=Sapphire%20Dragon&edice_magic=libovolna&poczob=0&foil=A&triditpodle=ceny&hledej_pouze_magic=1&submit=Vyhledej
Red Dragon;Red Dragon (borderless);4 ks;12 Kč;https://www.cernyrytir.cz/index.php3?akce=3&limit=0&jmenokarty=Red%20Dragon&edice_magic=libovolna&poczob=0&foil=A&triditpodle=ceny&hledej_pouze_magic=1&submit=Vyhledej
Skyline Despot;Skyline Despot;8 ks;12 Kč;https://www.cernyrytir.cz/index.php3?akce=3&limit=0&jmenokarty=Skyline%20Despot&edice_magic=libovolna&poczob=0&foil=A&triditpodle=ceny&hledej_pouze_magic=1&submit=Vyhledej
Swashbuckler Extraordinaire;Swashbuckler Extraordinaire - foil;6 ks;12 Kč;https://www.cernyrytir.cz/index.php3?akce=3&limit=0&jmenokarty=Swashbuckler%20Extraordinaire&edice_magic=libovolna&poczob=0&foil=A&triditpodle=ceny&hledej_pouze_magic=1&submit=Vyhledej
Skanos Dragonheart;Skanos Dragonheart;20 ks;7 Kč;https://www.cernyrytir.cz/index.php3?akce=3&limit=0&jmenokarty=Skanos%20Dragonheart&edice_magic=libovolna&poczob=0&foil=A&triditpodle=ceny&hledej_pouze_magic=1&submit=Vyhledej
Fanatic of Rhonas;Token - Fanatic of Rhonas;12 ks;19 Kč;https://www.cernyrytir.cz/index.php3?akce=3&limit=0&jmenokarty=Fanatic%20of%20Rhonas&edice_magic=libovolna&poczob=0&foil=A&triditpodle=ceny&hledej_pouze_magic=1&submit=Vyhledej
Intet, the Dreamer;Intet, the Dreamer;1 ks;19 Kč;https://www.cernyrytir.cz/index.php3?akce=3&limit=0&jmenokarty=Intet,%20the%20Dreamer&edice_magic=libovolna&poczob=0&foil=A&triditpodle=ceny&hledej_pouze_magic=1&submit=Vyhledej
Sakura-Tribe Elder;Sakura-Tribe Elder;4 ks;19 Kč;https://www.cernyrytir.cz/index.php3?akce=3&limit=0&jmenokarty=Sakura-Tribe%20Elder&edice_magic=libovolna&poczob=0&foil=A&triditpodle=ceny&hledej_pouze_magic=1&submit=Vyhledej
Demanding Dragon;Demanding Dragon - foil;1 ks;35 Kč;https://www.cernyrytir.cz/index.php3?akce=3&limit=0&jmenokarty=Demanding%20Dragon&edice_magic=libovolna&poczob=0&foil=A&triditpodle=ceny&hledej_pouze_magic=1&submit=Vyhledej
Beast Within;Beast Within;1 ks;25 Kč;https://www.cernyrytir.cz/index.php3?akce=3&limit=0&jmenokarty=Beast%20Within&edice_magic=libovolna&poczob=0&foil=A&triditpodle=ceny&hledej_pouze_magic=1&submit=Vyhledej
Counterspell;Counterspell (#1 - 175) - foil;2 ks;115 Kč;https://www.cernyrytir.cz/index.php3?akce=3&limit=0&jmenokarty=Counterspell&edice_magic=libovolna&poczob=0&foil=A&triditpodle=ceny&hledej_pouze_magic=1&submit=Vyhledej
Heroic Intervention;Heroic Intervention;12 ks;249 Kč;https://www.cernyrytir.cz/index.php3?akce=3&limit=0&jmenokarty=Heroic%20Intervention&edice_magic=libovolna&poczob=0&foil=A&triditpodle=ceny&hledej_pouze_magic=1&submit=Vyhledej
Chaos Warp;Chaos Warp;4 ks;12 Kč;https://www.cernyrytir.cz/index.php3?akce=3&limit=0&jmenokarty=Chaos%20Warp&edice_magic=libovolna&poczob=0&foil=A&triditpodle=ceny&hledej_pouze_magic=1&submit=Vyhledej
Ghostly Flicker;Ghostly Flicker;4 ks;25 Kč;https://www.cernyrytir.cz/index.php3?akce=3&limit=0&jmenokarty=Ghostly%20Flicker&edice_magic=libovolna&poczob=0&foil=A&triditpodle=ceny&hledej_pouze_magic=1&submit=Vyhledej
Return of the Wildspeaker;Return of the Wildspeaker (extended art) - foil / japanese;1 ks;149 Kč;https://www.cernyrytir.cz/index.php3?akce=3&limit=0&jmenokarty=Return%20of%20the%20Wildspeaker&edice_magic=libovolna&poczob=0&foil=A&triditpodle=ceny&hledej_pouze_magic=1&submit=Vyhledej
Sarkhan's Triumph;Sarkhan´s Triumph - lightly played;12 ks;59 Kč;https://www.cernyrytir.cz/index.php3?akce=3&limit=0&jmenokarty=Sarkhan's%20Triumph&edice_magic=libovolna&poczob=0&foil=A&triditpodle=ceny&hledej_pouze_magic=1&submit=Vyhledej
Negate;Negate - foil;1 ks;12 Kč;https://www.cernyrytir.cz/index.php3?akce=3&limit=0&jmenokarty=Negate&edice_magic=libovolna&poczob=0&foil=A&triditpodle=ceny&hledej_pouze_magic=1&submit=Vyhledej
Growth Spiral;Growth Spiral;1 ks;12 Kč;https://www.cernyrytir.cz/index.php3?akce=3&limit=0&jmenokarty=Growth%20Spiral&edice_magic=libovolna&poczob=0&foil=A&triditpodle=ceny&hledej_pouze_magic=1&submit=Vyhledej
Return to Nature;Return to Nature;20 ks;7 Kč;https://www.cernyrytir.cz/index.php3?akce=3&limit=0&jmenokarty=Return%20to%20Nature&edice_magic=libovolna&poczob=0&foil=A&triditpodle=ceny&hledej_pouze_magic=1&submit=Vyhledej
Deflecting Swat;Deflecting Swat;8 ks;999 Kč;https://www.cernyrytir.cz/index.php3?akce=3&limit=0&jmenokarty=Deflecting%20Swat&edice_magic=libovolna&poczob=0&foil=A&triditpodle=ceny&hledej_pouze_magic=1&submit=Vyhledej
Draconic Lore;Draconic Lore;20 ks;7 Kč;https://www.cernyrytir.cz/index.php3?akce=3&limit=0&jmenokarty=Draconic%20Lore&edice_magic=libovolna&poczob=0&foil=A&triditpodle=ceny&hledej_pouze_magic=1&submit=Vyhledej
An Offer You Can't Refuse;An Offer You Can´t Refuse;2 ks;49 Kč;https://www.cernyrytir.cz/index.php3?akce=3&limit=0&jmenokarty=An%20Offer%20You%20Can't%20Refuse&edice_magic=libovolna&poczob=0&foil=A&triditpodle=ceny&hledej_pouze_magic=1&submit=Vyhledej
Blur;Blur - foil;1 ks;12 Kč;https://www.cernyrytir.cz/index.php3?akce=3&limit=0&jmenokarty=Blur&edice_magic=libovolna&poczob=0&foil=A&triditpodle=ceny&hledej_pouze_magic=1&submit=Vyhledej
Dragon's Fire;Dragon´s Fire - foil;8 ks;7 Kč;https://www.cernyrytir.cz/index.php3?akce=3&limit=0&jmenokarty=Dragon's%20Fire&edice_magic=libovolna&poczob=0&foil=A&triditpodle=ceny&hledej_pouze_magic=1&submit=Vyhledej
Displace;Eldrazi Displacer;8 ks;25 Kč;https://www.cernyrytir.cz/index.php3?akce=3&limit=0&jmenokarty=Displace&edice_magic=libovolna&poczob=0&foil=A&triditpodle=ceny&hledej_pouze_magic=1&submit=Vyhledej
Arcane Denial;Arcane Denial (extended art);1 ks;149 Kč;https://www.cernyrytir.cz/index.php3?akce=3&limit=0&jmenokarty=Arcane%20Denial&edice_magic=libovolna&poczob=0&foil=A&triditpodle=ceny&hledej_pouze_magic=1&submit=Vyhledej
Smuggler's Surprise;Smuggler´s Surprise (extended art) - foil;4 ks;149 Kč;https://www.cernyrytir.cz/index.php3?akce=3&limit=0&jmenokarty=Smuggler's%20Surprise&edice_magic=libovolna&poczob=0&foil=A&triditpodle=ceny&hledej_pouze_magic=1&submit=Vyhledej
Magmaquake;Magmaquake;4 ks;7 Kč;https://www.cernyrytir.cz/index.php3?akce=3&limit=0&jmenokarty=Magmaquake&edice_magic=libovolna&poczob=0&foil=A&triditpodle=ceny&hledej_pouze_magic=1&submit=Vyhledej
Spit Flame;Spit Flame;4 ks;19 Kč;https://www.cernyrytir.cz/index.php3?akce=3&limit=0&jmenokarty=Spit%20Flame&edice_magic=libovolna&poczob=0&foil=A&triditpodle=ceny&hledej_pouze_magic=1&submit=Vyhledej
Double Major;Double Major;16 ks;49 Kč;https://www.cernyrytir.cz/index.php3?akce=3&limit=0&jmenokarty=Double%20Major&edice_magic=libovolna&poczob=0&foil=A&triditpodle=ceny&hledej_pouze_magic=1&submit=Vyhledej
Essence Flux;Essence Flux;12 ks;12 Kč;https://www.cernyrytir.cz/index.php3?akce=3&limit=0&jmenokarty=Essence%20Flux&edice_magic=libovolna&poczob=0&foil=A&triditpodle=ceny&hledej_pouze_magic=1&submit=Vyhledej
Swan Song;Swan Song;12 ks;275 Kč;https://www.cernyrytir.cz/index.php3?akce=3&limit=0&jmenokarty=Swan%20Song&edice_magic=libovolna&poczob=0&foil=A&triditpodle=ceny&hledej_pouze_magic=1&submit=Vyhledej
Planar Incision;Planar Incision;20 ks;7 Kč;https://www.cernyrytir.cz/index.php3?akce=3&limit=0&jmenokarty=Planar%20Incision&edice_magic=libovolna&poczob=0&foil=A&triditpodle=ceny&hledej_pouze_magic=1&submit=Vyhledej
Pongify;Pongify;8 ks;59 Kč;https://www.cernyrytir.cz/index.php3?akce=3&limit=0&jmenokarty=Pongify&edice_magic=libovolna&poczob=0&foil=A&triditpodle=ceny&hledej_pouze_magic=1&submit=Vyhledej
Entish Restoration;Entish Restoration;20 ks;49 Kč;https://www.cernyrytir.cz/index.php3?akce=3&limit=0&jmenokarty=Entish%20Restoration&edice_magic=libovolna&poczob=0&foil=A&triditpodle=ceny&hledej_pouze_magic=1&submit=Vyhledej
Krosan Grip;Krosan Grip (116) - foil / japanese;2 ks;125 Kč;https://www.cernyrytir.cz/index.php3?akce=3&limit=0&jmenokarty=Krosan%20Grip&edice_magic=libovolna&poczob=0&foil=A&triditpodle=ceny&hledej_pouze_magic=1&submit=Vyhledej
Reality Shift;Reality Shift;4 ks;12 Kč;https://www.cernyrytir.cz/index.php3?akce=3&limit=0&jmenokarty=Reality%20Shift&edice_magic=libovolna&poczob=0&foil=A&triditpodle=ceny&hledej_pouze_magic=1&submit=Vyhledej
Nature's Claim;Nature´s Claim;4 ks;35 Kč;https://www.cernyrytir.cz/index.php3?akce=3&limit=0&jmenokarty=Nature's%20Claim&edice_magic=libovolna&poczob=0&foil=A&triditpodle=ceny&hledej_pouze_magic=1&submit=Vyhledej
Brainstorm;Brainstorm;1 ks;125 Kč;https://www.cernyrytir.cz/index.php3?akce=3&limit=0&jmenokarty=Brainstorm&edice_magic=libovolna&poczob=0&foil=A&triditpodle=ceny&hledej_pouze_magic=1&submit=Vyhledej
Teferi's Time Twist;Teferi´s Time Twist;12 ks;9 Kč;https://www.cernyrytir.cz/index.php3?akce=3&limit=0&jmenokarty=Teferi's%20Time%20Twist&edice_magic=libovolna&poczob=0&foil=A&triditpodle=ceny&hledej_pouze_magic=1&submit=Vyhledej
Second Harvest;Second Harvest;1 ks;49 Kč;https://www.cernyrytir.cz/index.php3?akce=3&limit=0&jmenokarty=Second%20Harvest&edice_magic=libovolna&poczob=0&foil=A&triditpodle=ceny&hledej_pouze_magic=1&submit=Vyhledej
Rapid Hybridization;Rapid Hybridization;8 ks;59 Kč;https://www.cernyrytir.cz/index.php3?akce=3&limit=0&jmenokarty=Rapid%20Hybridization&edice_magic=libovolna&poczob=0&foil=A&triditpodle=ceny&hledej_pouze_magic=1&submit=Vyhledej
Breath Weapon;Breath Weapon - foil;2 ks;125 Kč;https://www.cernyrytir.cz/index.php3?akce=3&limit=0&jmenokarty=Breath%20Weapon&edice_magic=libovolna&poczob=0&foil=A&triditpodle=ceny&hledej_pouze_magic=1&submit=Vyhledej
Harrow;Harrow - foil;1 ks;125 Kč;https://www.cernyrytir.cz/index.php3?akce=3&limit=0&jmenokarty=Harrow&edice_magic=libovolna&poczob=0&foil=A&triditpodle=ceny&hledej_pouze_magic=1&submit=Vyhledej
Nature's Lore;Nature´s Lore (#2 - 867) - foil;2 ks;249 Kč;https://www.cernyrytir.cz/index.php3?akce=3&limit=0&jmenokarty=Nature's%20Lore&edice_magic=libovolna&poczob=0&foil=A&triditpodle=ceny&hledej_pouze_magic=1&submit=Vyhledej
Rampant Growth;Rampant Growth;12 ks;12 Kč;https://www.cernyrytir.cz/index.php3?akce=3&limit=0&jmenokarty=Rampant%20Growth&edice_magic=libovolna&poczob=0&foil=A&triditpodle=ceny&hledej_pouze_magic=1&submit=Vyhledej
Blasphemous Act;Blasphemous Act (extended art);3 ks;149 Kč;https://www.cernyrytir.cz/index.php3?akce=3&limit=0&jmenokarty=Blasphemous%20Act&edice_magic=libovolna&poczob=0&foil=A&triditpodle=ceny&hledej_pouze_magic=1&submit=Vyhledej
Three Visits;Three Visits;8 ks;149 Kč;https://www.cernyrytir.cz/index.php3?akce=3&limit=0&jmenokarty=Three%20Visits&edice_magic=libovolna&poczob=0&foil=A&triditpodle=ceny&hledej_pouze_magic=1&submit=Vyhledej
Rishkar's Expertise;Rishkar´s Expertise;8 ks;49 Kč;https://www.cernyrytir.cz/index.php3?akce=3&limit=0&jmenokarty=Rishkar's%20Expertise&edice_magic=libovolna&poczob=0&foil=A&triditpodle=ceny&hledej_pouze_magic=1&submit=Vyhledej
